{"is_source_file": false, "format": "", "description": "", "external_files": [], "external_methods": [], "published": [], "classes": [], "methods": [], "calls": [], "search-terms": [], "state": 2, "file_id": 9, "knowledge_revision": 19, "git_revision": "dfec8a592eca90142f9d6c0565db94b082d1d6d8", "hash": "d001d53c059625c4bcf75bf5a7f3fcf0", "format-version": 4, "code-base-name": "chess_frontend", "filename": "chess_frontend/package.json", "revision_history": [{"19": "dfec8a592eca90142f9d6c0565db94b082d1d6d8"}]}