{"is_source_file": false, "format": "", "description": "", "external_files": [], "external_methods": [], "published": [], "classes": [], "methods": [], "calls": [], "search-terms": ["CSS", "App.css", "Neon Violet theme", "CSS variables", "CSS styling", "CSS layout", "CSS selectors"], "state": 2, "file_id": 5, "knowledge_revision": 29, "git_revision": "dfec8a592eca90142f9d6c0565db94b082d1d6d8", "hash": "52f3afebbd811c35323a3c67c1966585", "format-version": 4, "code-base-name": "chess_frontend", "filename": "chess_frontend/src/App.css", "revision_history": [{"29": "dfec8a592eca90142f9d6c0565db94b082d1d6d8"}]}