{"is_source_file": false, "format": "", "description": "", "external_files": [], "external_methods": [], "published": [], "classes": [], "methods": [], "calls": [], "search-terms": [], "state": 2, "file_id": 11, "knowledge_revision": 21, "git_revision": "dfec8a592eca90142f9d6c0565db94b082d1d6d8", "hash": "d9d975cebe2ec20b6c652e1e4c12ccf0", "format-version": 4, "code-base-name": "chess_frontend", "filename": "chess_frontend/public/manifest.json", "revision_history": [{"21": "dfec8a592eca90142f9d6c0565db94b082d1d6d8"}]}