{"is_source_file": false, "format": "", "description": "", "external_files": [], "external_methods": [], "published": [], "classes": [], "methods": [], "calls": [], "search-terms": [], "state": 2, "file_id": 8, "knowledge_revision": 10, "git_revision": "dfec8a592eca90142f9d6c0565db94b082d1d6d8", "hash": "ebece526bc2eadd78ddd787a76c56607", "format-version": 4, "code-base-name": "chess_frontend", "filename": "chess_frontend/README.md", "revision_history": [{"10": "dfec8a592eca90142f9d6c0565db94b082d1d6d8"}]}