{"is_source_file": true, "format": "JavaScript (React JSX)", "description": "React component for the main chess application UI, managing state, rendering the chessboard, and handling user interactions. Integrates with a custom chess engine for game logic.", "external_files": ["./chess/engine", "./App.css"], "external_methods": ["createInitialPosition", "generateLegalMoves", "getPieceColor", "inCheck", "isSquareAttacked", "makeMove", "parseSquare", "squareToAlgebraic"], "published": ["App"], "classes": [], "methods": [{"name": "App()", "description": "Main React functional component for the chess application, managing game state, rendering UI, and handling user interactions.", "scope": "", "scopeKind": ""}], "calls": ["createInitialPosition", "generateLegalMoves", "inCheck", "makeMove", "setPosition", "setTurn", "setSelected", "setLegalMovesFromSelected", "setMoveHistory"], "search-terms": ["React", "chess UI", "App.js", "interactive chessboard", "useState", "useEffect", "useMemo", "chess engine integration"], "state": 2, "file_id": 4, "knowledge_revision": 26, "git_revision": "dfec8a592eca90142f9d6c0565db94b082d1d6d8", "revision_history": [{"24": "dfec8a592eca90142f9d6c0565db94b082d1d6d8"}, {"26": "dfec8a592eca90142f9d6c0565db94b082d1d6d8"}], "ctags": [{"_type": "tag", "name": "App", "path": "/home/kavia/workspace/code-generation/online-chess-platform-202192-202201/chess_frontend/src/App.js", "pattern": "/^function App() {$/", "language": "JavaScript", "kind": "function", "signature": "()"}, {"_type": "tag", "name": "B", "path": "/home/kavia/workspace/code-generation/online-chess-platform-202192-202201/chess_frontend/src/App.js", "pattern": "/^      b: { K: \"\u265a\", Q: \"\u265b\", R: \"\u265c\", B: \"\u265d\", N: \"\u265e\", P: \"\u265f\" },$/", "language": "JavaScript", "kind": "property", "scope": "App.map.b", "scopeKind": "class"}, {"_type": "tag", "name": "B", "path": "/home/kavia/workspace/code-generation/online-chess-platform-202192-202201/chess_frontend/src/App.js", "pattern": "/^      w: { K: \"\u2654\", Q: \"\u2655\", R: \"\u2656\", B: \"\u2657\", N: \"\u2658\", P: \"\u2659\" },$/", "language": "JavaScript", "kind": "property", "scope": "App.map.w", "scopeKind": "class"}, {"_type": "tag", "name": "K", "path": "/home/kavia/workspace/code-generation/online-chess-platform-202192-202201/chess_frontend/src/App.js", "pattern": "/^      b: { K: \"\u265a\", Q: \"\u265b\", R: \"\u265c\", B: \"\u265d\", N: \"\u265e\", P: \"\u265f\" },$/", "language": "JavaScript", "kind": "property", "scope": "App.map.b", "scopeKind": "class"}, {"_type": "tag", "name": "K", "path": "/home/kavia/workspace/code-generation/online-chess-platform-202192-202201/chess_frontend/src/App.js", "pattern": "/^      w: { K: \"\u2654\", Q: \"\u2655\", R: \"\u2656\", B: \"\u2657\", N: \"\u2658\", P: \"\u2659\" },$/", "language": "JavaScript", "kind": "property", "scope": "App.map.w", "scopeKind": "class"}, {"_type": "tag", "name": "N", "path": "/home/kavia/workspace/code-generation/online-chess-platform-202192-202201/chess_frontend/src/App.js", "pattern": "/^      b: { K: \"\u265a\", Q: \"\u265b\", R: \"\u265c\", B: \"\u265d\", N: \"\u265e\", P: \"\u265f\" },$/", "language": "JavaScript", "kind": "property", "scope": "App.map.b", "scopeKind": "class"}, {"_type": "tag", "name": "N", "path": "/home/kavia/workspace/code-generation/online-chess-platform-202192-202201/chess_frontend/src/App.js", "pattern": "/^      w: { K: \"\u2654\", Q: \"\u2655\", R: \"\u2656\", B: \"\u2657\", N: \"\u2658\", P: \"\u2659\" },$/", "language": "JavaScript", "kind": "property", "scope": "App.map.w", "scopeKind": "class"}, {"_type": "tag", "name": "P", "path": "/home/kavia/workspace/code-generation/online-chess-platform-202192-202201/chess_frontend/src/App.js", "pattern": "/^      b: { K: \"\u265a\", Q: \"\u265b\", R: \"\u265c\", B: \"\u265d\", N: \"\u265e\", P: \"\u265f\" },$/", "language": "JavaScript", "kind": "property", "scope": "App.map.b", "scopeKind": "class"}, {"_type": "tag", "name": "P", "path": "/home/kavia/workspace/code-generation/online-chess-platform-202192-202201/chess_frontend/src/App.js", "pattern": "/^      w: { K: \"\u2654\", Q: \"\u2655\", R: \"\u2656\", B: \"\u2657\", N: \"\u2658\", P: \"\u2659\" },$/", "language": "JavaScript", "kind": "property", "scope": "App.map.w", "scopeKind": "class"}, {"_type": "tag", "name": "Q", "path": "/home/kavia/workspace/code-generation/online-chess-platform-202192-202201/chess_frontend/src/App.js", "pattern": "/^      b: { K: \"\u265a\", Q: \"\u265b\", R: \"\u265c\", B: \"\u265d\", N: \"\u265e\", P: \"\u265f\" },$/", "language": "JavaScript", "kind": "property", "scope": "App.map.b", "scopeKind": "class"}, {"_type": "tag", "name": "Q", "path": "/home/kavia/workspace/code-generation/online-chess-platform-202192-202201/chess_frontend/src/App.js", "pattern": "/^      w: { K: \"\u2654\", Q: \"\u2655\", R: \"\u2656\", B: \"\u2657\", N: \"\u2658\", P: \"\u2659\" },$/", "language": "JavaScript", "kind": "property", "scope": "App.map.w", "scopeKind": "class"}, {"_type": "tag", "name": "R", "path": "/home/kavia/workspace/code-generation/online-chess-platform-202192-202201/chess_frontend/src/App.js", "pattern": "/^      b: { K: \"\u265a\", Q: \"\u265b\", R: \"\u265c\", B: \"\u265d\", N: \"\u265e\", P: \"\u265f\" },$/", "language": "JavaScript", "kind": "property", "scope": "App.map.b", "scopeKind": "class"}, {"_type": "tag", "name": "R", "path": "/home/kavia/workspace/code-generation/online-chess-platform-202192-202201/chess_frontend/src/App.js", "pattern": "/^      w: { K: \"\u2654\", Q: \"\u2655\", R: \"\u2656\", B: \"\u2657\", N: \"\u2658\", P: \"\u2659\" },$/", "language": "JavaScript", "kind": "property", "scope": "App.map.w", "scopeKind": "class"}, {"_type": "tag", "name": "b", "path": "/home/kavia/workspace/code-generation/online-chess-platform-202192-202201/chess_frontend/src/App.js", "pattern": "/^      b: { K: \"\u265a\", Q: \"\u265b\", R: \"\u265c\", B: \"\u265d\", N: \"\u265e\", P: \"\u265f\" },$/", "language": "JavaScript", "kind": "class", "scope": "App.map", "scopeKind": "class"}, {"_type": "tag", "name": "inCheck ? \"nv-pill--danger\" : \"nv-pill--ok\" }", "path": "/home/kavia/workspace/code-generation/online-chess-platform-202192-202201/chess_frontend/src/App.js", "pattern": "/^            }`}$/", "language": "JavaScript", "kind": "field", "scope": "App.className.nv-pill ${ status.checkmated || status.stalemated ? \"nv-pill--ended\" : status", "scopeKind": "class"}, {"_type": "tag", "name": "map", "path": "/home/kavia/workspace/code-generation/online-chess-platform-202192-202201/chess_frontend/src/App.js", "pattern": "/^    const map = {$/", "language": "JavaScript", "kind": "class", "scope": "App", "scopeKind": "class"}, {"_type": "tag", "name": "r", "path": "/home/kavia/workspace/code-generation/online-chess-platform-202192-202201/chess_frontend/src/App.js", "pattern": "/^        const from = { r, c };$/", "language": "JavaScript", "kind": "field", "scope": "App.from", "scopeKind": "class"}, {"_type": "tag", "name": "r", "path": "/home/kavia/workspace/code-generation/online-chess-platform-202192-202201/chess_frontend/src/App.js", "pattern": "/^      const from = { r, c };$/", "language": "JavaScript", "kind": "field", "scope": "App.from", "scopeKind": "class"}, {"_type": "tag", "name": "w", "path": "/home/kavia/workspace/code-generation/online-chess-platform-202192-202201/chess_frontend/src/App.js", "pattern": "/^      w: { K: \"\u2654\", Q: \"\u2655\", R: \"\u2656\", B: \"\u2657\", N: \"\u2658\", P: \"\u2659\" },$/", "language": "JavaScript", "kind": "class", "scope": "App.map", "scopeKind": "class"}], "hash": "01e658776e66d7054ce77f0cd04e1373", "format-version": 4, "code-base-name": "chess_frontend", "filename": "chess_frontend/src/App.js", "fields": [{"name": "b: { K: \"\u265a\", Q: \"\u265b\", R: \"\u265c\", B: \"\u265d\", N: \"\u265e\", P: \"\u265f\" },", "scope": "App.map.b", "scopeKind": "class", "description": "unavailable"}, {"name": "w: { K: \"\u2654\", Q: \"\u2655\", R: \"\u2656\", B: \"\u2657\", N: \"\u2658\", P: \"\u2659\" },", "scope": "App.map.w", "scopeKind": "class", "description": "unavailable"}, {"name": "}`}", "scope": "App.className.nv-pill ${ status.checkmated || status.stalemated ? \"nv-pill--ended\" : status", "scopeKind": "class", "description": "unavailable"}, {"name": "const from = { r, c };", "scope": "App.from", "scopeKind": "class", "description": "unavailable"}]}