{"is_source_file": false, "format": "", "description": "", "external_files": [], "external_methods": [], "published": [], "classes": [], "methods": [], "calls": [], "search-terms": [], "state": 2, "file_id": 3, "knowledge_revision": 23, "git_revision": "dfec8a592eca90142f9d6c0565db94b082d1d6d8", "ctags": [], "hash": "1a77571e1a8cf36018a41bcedf60db75", "format-version": 4, "code-base-name": "chess_frontend", "filename": "chess_frontend/src/setupTests.js", "revision_history": [{"23": "dfec8a592eca90142f9d6c0565db94b082d1d6d8"}]}