{"is_source_file": false, "format": "", "description": "", "external_files": [], "external_methods": [], "published": [], "classes": [], "methods": [], "calls": [], "search-terms": [], "state": 2, "file_id": 10, "knowledge_revision": 18, "git_revision": "dfec8a592eca90142f9d6c0565db94b082d1d6d8", "hash": "d2b40d02d5f7873d8a6713bad837edd4", "format-version": 4, "code-base-name": "chess_frontend", "filename": "chess_frontend/public/index.html", "revision_history": [{"18": "dfec8a592eca90142f9d6c0565db94b082d1d6d8"}]}