{"is_source_file": false, "format": null, "description": null, "external_files": [], "external_methods": [], "published": [], "classes": [], "methods": [], "calls": [], "search-terms": ["@eslint/js", "eslint-plugin-react", "rules", "plugins", "eslint.config"], "state": 2, "file_id": 7, "knowledge_revision": 11, "git_revision": "dfec8a592eca90142f9d6c0565db94b082d1d6d8", "hash": "be6538e7523bc2e9da0743133d784136", "format-version": 4, "code-base-name": "chess_frontend", "filename": "chess_frontend/eslint.config.mjs", "revision_history": [{"11": "dfec8a592eca90142f9d6c0565db94b082d1d6d8"}]}