{"is_source_file": false, "format": "", "description": "", "external_files": [], "external_methods": [], "published": [], "classes": [], "methods": [], "calls": [], "search-terms": [], "state": 2, "file_id": 2, "knowledge_revision": 30, "git_revision": "dfec8a592eca90142f9d6c0565db94b082d1d6d8", "hash": "90ad0cba003c2467644add964a29ed73", "format-version": 4, "code-base-name": "chess_frontend", "filename": "chess_frontend/src/index.css", "revision_history": [{"30": "dfec8a592eca90142f9d6c0565db94b082d1d6d8"}]}