{"is_source_file": true, "format": "JavaScript", "description": "This is the entry point for a React-based frontend application. It imports necessary libraries, styles, and the main App component, then renders the App component into the DOM element with id 'root'.", "external_files": ["./index.css", "./App"], "external_methods": ["ReactDOM.createRoot", "ReactDOM.createRoot().render", "document.getElementById"], "published": [], "classes": [], "methods": [{"name": "render", "description": "Calls the render method on the React root to mount the React component tree."}], "calls": ["ReactDOM.createRoot", "root.render", "document.getElementById"], "search-terms": ["React", "ReactDom", "index.js", "frontend", "entry point", "render", "App component"], "state": 2, "file_id": 1, "knowledge_revision": 25, "git_revision": "dfec8a592eca90142f9d6c0565db94b082d1d6d8", "ctags": [{"_type": "tag", "name": "root", "path": "/home/kavia/workspace/code-generation/online-chess-platform-202192-202201/chess_frontend/src/index.js", "pattern": "/^const root = ReactDOM.createRoot(document.getElementById('root'));$/", "language": "JavaScript", "kind": "constant"}], "hash": "9fc5841375336fc175b49f8767a11383", "format-version": 4, "code-base-name": "chess_frontend", "filename": "chess_frontend/src/index.js", "revision_history": [{"25": "dfec8a592eca90142f9d6c0565db94b082d1d6d8"}]}