{"is_source_file": true, "format": "JavaScript", "description": "This file implements a lightweight, frontend-only chess engine responsible for move validation, including move generation, legality checks, check detection, and basic piece movement rules. It manages internal board state representations, move parsing, and attack detection, but excludes more advanced rules such as castling, en passant, and pawn promotion choices.", "external_files": [], "external_methods": [], "published": ["createInitialPosition", "getPieceColor", "parseSquare", "squareToAlgebraic", "isSquareAttacked", "inCheck", "makeMove", "generateLegalMoves"], "classes": [], "methods": [{"name": "createInitialPosition()", "description": "Returns a new starting chess position with pieces in initial setup.", "scope": "", "scopeKind": ""}, {"name": "getPieceColor(piece)", "description": "Returns the color ('w' or 'b') of a piece or null if no piece.", "scope": "", "scopeKind": ""}, {"name": "parseSquare(algebraic)", "description": "Converts algebraic notation like 'e4' into board coordinates {r, c}.", "scope": "", "scopeKind": ""}, {"name": "squareToAlgebraic({ r, c })", "description": "Converts board coordinates {r, c} back into algebraic notation.", "scope": "", "scopeKind": ""}, {"name": "isSquareAttacked(position, square, byColor)", "description": "Determines if a given square is attacked by any piece of a specified color.", "scope": "", "scopeKind": ""}, {"name": "inCheck(position, color)", "description": "Checks if the king of the specified color is currently in check.", "scope": "", "scopeKind": ""}, {"name": "makeMove(position, move)", "description": "Applies a move and returns the new position along with its SAN notation.", "scope": "", "scopeKind": ""}, {"name": "generateLegalMoves(position, turn)", "description": "Generates all legal moves for the current turn, filtering out moves that leave the king in check.", "scope": "", "scopeKind": ""}, {"name": "applyMove(position, move)", "scope": "", "scopeKind": "", "description": "unavailable"}, {"name": "clonePosition(position)", "scope": "", "scopeKind": "", "description": "unavailable"}, {"name": "findKing(position, color)", "scope": "", "scopeKind": "", "description": "unavailable"}, {"name": "genSliding(position, from, color, deltas)", "scope": "", "scopeKind": "", "description": "unavailable"}, {"name": "inside(r, c)", "scope": "", "scopeKind": "", "description": "unavailable"}, {"name": "isEmpty(position, r, c)", "scope": "", "scopeKind": "", "description": "unavailable"}, {"name": "isEnemy(position, r, c, color)", "scope": "", "scopeKind": "", "description": "unavailable"}, {"name": "moveToSANLike(position, move)", "scope": "", "scopeKind": "", "description": "unavailable"}, {"name": "opposite(color)", "scope": "", "scopeKind": "", "description": "unavailable"}, {"name": "pieceLetter(pieceType)", "scope": "", "scopeKind": "", "description": "unavailable"}, {"name": "pseudoLegalMovesForSquare(position, from)", "scope": "", "scopeKind": "", "description": "unavailable"}, {"name": "pushIfValid(moves, position, from, r, c, color)", "scope": "", "scopeKind": "", "description": "unavailable"}, {"name": "wouldLeaveKingInCheck(position, move, moverColor)", "scope": "", "scopeKind": "", "description": "unavailable"}], "calls": ["clonePosition", "findKing", "applyMove", "moveToSANLike", "pseudoLegalMovesForSquare", "isEmpty", "isEnemy", "pushIfValid", "genSliding"], "search-terms": ["frontend-only chess engine", "move validation", "attack detection", "basic piece movement", "check detection", "no castling", "no en passant", "auto-promote"], "state": 2, "file_id": 13, "knowledge_revision": 28, "git_revision": "", "ctags": [{"_type": "tag", "name": "FILES", "path": "/home/kavia/workspace/code-generation/online-chess-platform-202192-202201/chess_frontend/src/chess/engine.js", "pattern": "/^const FILES = [\"a\", \"b\", \"c\", \"d\", \"e\", \"f\", \"g\", \"h\"];$/", "language": "JavaScript", "kind": "constant"}, {"_type": "tag", "name": "applyMove", "path": "/home/kavia/workspace/code-generation/online-chess-platform-202192-202201/chess_frontend/src/chess/engine.js", "pattern": "/^function applyMove(position, move) {$/", "language": "JavaScript", "kind": "function", "signature": "(position, move)"}, {"_type": "tag", "name": "clonePosition", "path": "/home/kavia/workspace/code-generation/online-chess-platform-202192-202201/chess_frontend/src/chess/engine.js", "pattern": "/^function clonePosition(position) {$/", "language": "JavaScript", "kind": "function", "signature": "(position)"}, {"_type": "tag", "name": "color", "path": "/home/kavia/workspace/code-generation/online-chess-platform-202192-202201/chess_frontend/src/chess/engine.js", "pattern": "/^    placed = { color: piece.color, type: move.promotion };$/", "language": "JavaScript", "kind": "property", "scope": "applyMove.placed", "scopeKind": "class"}, {"_type": "tag", "name": "createInitialPosition", "path": "/home/kavia/workspace/code-generation/online-chess-platform-202192-202201/chess_frontend/src/chess/engine.js", "pattern": "/^export function createInitialPosition() {$/", "language": "JavaScript", "kind": "function", "signature": "()"}, {"_type": "tag", "name": "findKing", "path": "/home/kavia/workspace/code-generation/online-chess-platform-202192-202201/chess_frontend/src/chess/engine.js", "pattern": "/^function findKing(position, color) {$/", "language": "JavaScript", "kind": "function", "signature": "(position, color)"}, {"_type": "tag", "name": "genSliding", "path": "/home/kavia/workspace/code-generation/online-chess-platform-202192-202201/chess_frontend/src/chess/engine.js", "pattern": "/^function genSliding(position, from, color, deltas) {$/", "language": "JavaScript", "kind": "function", "signature": "(position, from, color, deltas)"}, {"_type": "tag", "name": "generateLegalMoves", "path": "/home/kavia/workspace/code-generation/online-chess-platform-202192-202201/chess_frontend/src/chess/engine.js", "pattern": "/^export function generateLegalMoves(position, turn) {$/", "language": "JavaScript", "kind": "function", "signature": "(position, turn)"}, {"_type": "tag", "name": "getPieceColor", "path": "/home/kavia/workspace/code-generation/online-chess-platform-202192-202201/chess_frontend/src/chess/engine.js", "pattern": "/^export function getPieceColor(piece) {$/", "language": "JavaScript", "kind": "function", "signature": "(piece)"}, {"_type": "tag", "name": "inCheck", "path": "/home/kavia/workspace/code-generation/online-chess-platform-202192-202201/chess_frontend/src/chess/engine.js", "pattern": "/^export function inCheck(position, color) {$/", "language": "JavaScript", "kind": "function", "signature": "(position, color)"}, {"_type": "tag", "name": "inside", "path": "/home/kavia/workspace/code-generation/online-chess-platform-202192-202201/chess_frontend/src/chess/engine.js", "pattern": "/^function inside(r, c) {$/", "language": "JavaScript", "kind": "function", "signature": "(r, c)"}, {"_type": "tag", "name": "isEmpty", "path": "/home/kavia/workspace/code-generation/online-chess-platform-202192-202201/chess_frontend/src/chess/engine.js", "pattern": "/^function isEmpty(position, r, c) {$/", "language": "JavaScript", "kind": "function", "signature": "(position, r, c)"}, {"_type": "tag", "name": "isEnemy", "path": "/home/kavia/workspace/code-generation/online-chess-platform-202192-202201/chess_frontend/src/chess/engine.js", "pattern": "/^function isEnemy(position, r, c, color) {$/", "language": "JavaScript", "kind": "function", "signature": "(position, r, c, color)"}, {"_type": "tag", "name": "isSquareAttacked", "path": "/home/kavia/workspace/code-generation/online-chess-platform-202192-202201/chess_frontend/src/chess/engine.js", "pattern": "/^export function isSquareAttacked(position, square, byColor) {$/", "language": "JavaScript", "kind": "function", "signature": "(position, square, byColor)"}, {"_type": "tag", "name": "makeMove", "path": "/home/kavia/workspace/code-generation/online-chess-platform-202192-202201/chess_frontend/src/chess/engine.js", "pattern": "/^export function makeMove(position, move) {$/", "language": "JavaScript", "kind": "function", "signature": "(position, move)"}, {"_type": "tag", "name": "moveToSANLike", "path": "/home/kavia/workspace/code-generation/online-chess-platform-202192-202201/chess_frontend/src/chess/engine.js", "pattern": "/^function moveToSANLike(position, move) {$/", "language": "JavaScript", "kind": "function", "signature": "(position, move)"}, {"_type": "tag", "name": "opposite", "path": "/home/kavia/workspace/code-generation/online-chess-platform-202192-202201/chess_frontend/src/chess/engine.js", "pattern": "/^function opposite(color) {$/", "language": "JavaScript", "kind": "function", "signature": "(color)"}, {"_type": "tag", "name": "parseSquare", "path": "/home/kavia/workspace/code-generation/online-chess-platform-202192-202201/chess_frontend/src/chess/engine.js", "pattern": "/^export function parseSquare(algebraic) {$/", "language": "JavaScript", "kind": "function", "signature": "(algebraic)"}, {"_type": "tag", "name": "pieceLetter", "path": "/home/kavia/workspace/code-generation/online-chess-platform-202192-202201/chess_frontend/src/chess/engine.js", "pattern": "/^function pieceLetter(pieceType) {$/", "language": "JavaScript", "kind": "function", "signature": "(pieceType)"}, {"_type": "tag", "name": "placed", "path": "/home/kavia/workspace/code-generation/online-chess-platform-202192-202201/chess_frontend/src/chess/engine.js", "pattern": "/^    placed = { color: piece.color, type: move.promotion };$/", "language": "JavaScript", "kind": "class", "scope": "applyMove", "scopeKind": "class"}, {"_type": "tag", "name": "pseudoLegalMovesForSquare", "path": "/home/kavia/workspace/code-generation/online-chess-platform-202192-202201/chess_frontend/src/chess/engine.js", "pattern": "/^function pseudoLegalMovesForSquare(position, from) {$/", "language": "JavaScript", "kind": "function", "signature": "(position, from)"}, {"_type": "tag", "name": "pushIfValid", "path": "/home/kavia/workspace/code-generation/online-chess-platform-202192-202201/chess_frontend/src/chess/engine.js", "pattern": "/^function pushIfValid(moves, position, from, r, c, color) {$/", "language": "JavaScript", "kind": "function", "signature": "(moves, position, from, r, c, color)"}, {"_type": "tag", "name": "r", "path": "/home/kavia/workspace/code-generation/online-chess-platform-202192-202201/chess_frontend/src/chess/engine.js", "pattern": "/^      const from = { r, c };$/", "language": "JavaScript", "kind": "field", "scope": "generateLegalMoves.from", "scopeKind": "class"}, {"_type": "tag", "name": "r", "path": "/home/kavia/workspace/code-generation/online-chess-platform-202192-202201/chess_frontend/src/chess/engine.js", "pattern": "/^      const from = { r, c };$/", "language": "JavaScript", "kind": "field", "scope": "isSquareAttacked.from", "scopeKind": "class"}, {"_type": "tag", "name": "squareToAlgebraic", "path": "/home/kavia/workspace/code-generation/online-chess-platform-202192-202201/chess_frontend/src/chess/engine.js", "pattern": "/^export function squareToAlgebraic({ r, c }) {$/", "language": "JavaScript", "kind": "function", "signature": "({ r, c })"}, {"_type": "tag", "name": "type", "path": "/home/kavia/workspace/code-generation/online-chess-platform-202192-202201/chess_frontend/src/chess/engine.js", "pattern": "/^    placed = { color: piece.color, type: move.promotion };$/", "language": "JavaScript", "kind": "property", "scope": "applyMove.placed", "scopeKind": "class"}, {"_type": "tag", "name": "wouldLeaveKingInCheck", "path": "/home/kavia/workspace/code-generation/online-chess-platform-202192-202201/chess_frontend/src/chess/engine.js", "pattern": "/^function wouldLeaveKingInCheck(position, move, moverColor) {$/", "language": "JavaScript", "kind": "function", "signature": "(position, move, moverColor)"}], "hash": "7ac605546e847388da8df5ac5b22af35", "format-version": 4, "code-base-name": "chess_frontend", "filename": "chess_frontend/src/chess/engine.js", "fields": [{"name": "placed = { color: piece.color, type: move.promotion };", "scope": "applyMove.placed", "scopeKind": "class", "description": "unavailable"}, {"name": "const from = { r, c };", "scope": "generateLegalMoves.from", "scopeKind": "class", "description": "unavailable"}], "revision_history": [{"28": ""}]}